.model_id,.model_desc,.type,id,mae,mape,mase,smape,rmse,rsq
28,DEEPSTATE,Test,Geothermal Energy Production,5.943731247782703e-4,2.4132884484779002,0.16725943403260646,2.376496721176229,9.805352025654107e-4,0.9986702247011812
3,SNAIVE [12],Test,Geothermal Energy Production,8.40013888888889e-4,3.7223792863440885,0.25934707158027875,3.701292144203533,0.001112660290158814,0.9691524028790196
27,DEEPAR,Test,Geothermal Energy Production,0.0014269622232814625,7.927897852165426,0.40155397998690406,8.285063234882205,0.001463209969873284,0.9996939965911789
23,RECURSIVE KERNLAB,Test,Geothermal Energy Production,0.0019397626741218153,9.794711143708787,0.598885061007326,9.377607198022648,0.0021803999092658006,0.9681762532005183
27,DEEPAR,Test,Solar Energy Production,0.003688514029105502,3.5134814827028666,0.34017467758973546,3.511500599970726,0.004544537260537026,0.8025390648719513
29,Tuned LightGBM - Calendar,Test,Geothermal Energy Production,0.005874172702264619,29.737996544532137,1.653020233640426,27.365420343073037,0.006136917733444981,0.08196788369216414
2,WINDOW FUNC [12],Test,Geothermal Energy Production,0.0053636249999999995,24.405391428408297,1.6559731394974226,24.239097271524145,0.006306857790150748,NA
1,WINDOW FUNC [6],Test,Geothermal Energy Production,0.005727277777777777,27.156287419493736,1.7682478104715542,25.9153236021742,0.006384452753600966,NA
17,RECURSIVE LIGHTGBM,Test,Geothermal Energy Production,0.0067760510375150336,37.68717413535662,2.0920475443358812,29.148846147846886,0.008323099268661097,0.3876615736577774
28,DEEPSTATE,Test,Solar Energy Production,0.0074418195068041496,7.109362150338037,0.6863247723696532,7.382393957878628,0.008517608056965966,0.651843325557876
22,RECURSIVE RANDOMFOREST,Test,Geothermal Energy Production,0.007419322950462964,40.41080059263855,2.2906522210675497,30.19722507610645,0.009423139536825241,0.3598696953439173
20,RECURSIVE RANDOMFOREST,Test,Geothermal Energy Production,0.007824094759259251,42.50224132025311,2.4156220396123658,31.705774795080487,0.009740911203673888,0.3557789924121283
14,RECURSIVE XGBOOST,Test,Geothermal Energy Production,0.00915767541671296,50.570019196571,2.8273536107226978,37.62590459378631,0.010519702614323124,0.35234967698345526
17,RECURSIVE LIGHTGBM,Test,Solar Energy Production,0.008190219302446714,6.617635941849927,0.5073760924071354,6.65284127414834,0.01081767007310579,0.8402059878779453
6,RECURSIVE GLMNET,Test,Solar Energy Production,0.008150897847636222,6.529757389331493,0.5049401666580471,6.739307022945515,0.011177920588416539,0.8251182186517441
19,RECURSIVE LIGHTGBM,Test,Geothermal Energy Production,0.010428776759613052,49.436714387992254,3.219795230228472,67.09495428084693,0.011219531918149195,0.575328024145658
22,RECURSIVE RANDOMFOREST,Test,Solar Energy Production,0.009610708633736227,8.025668581847649,0.5953740201305595,8.046974375014686,0.011830003792296564,0.9045141638656778
14,RECURSIVE XGBOOST,Test,Solar Energy Production,0.009376987726390363,7.517998178163589,0.5808952380242526,7.687805805847381,0.011927216459338431,0.8145563679633697
4,RECURSIVE GLMNET,Test,Solar Energy Production,0.008523077104848214,6.664484981235246,0.5279963084078533,6.870624330658062,0.012000901108168557,0.8761701465722318
20,RECURSIVE RANDOMFOREST,Test,Solar Energy Production,0.010084157454618424,8.392682650422943,0.6247037125140361,8.416321752167436,0.01269506634392226,0.8734224262789024
29,Tuned LightGBM - Calendar,Test,Solar Energy Production,0.012644461685274729,11.976717320587879,1.1661405224822214,12.77872934788985,0.014399369165098949,0.155148189022497
23,RECURSIVE KERNLAB,Test,Solar Energy Production,0.010457707377349343,7.987802232673974,0.6478447656550164,8.431792137899249,0.015186262934032881,0.8992406975132589
14,RECURSIVE XGBOOST,Test,Hydroelectric Power Production,0.01082367951632871,4.460329770415228,0.2078520673152651,4.336852432909704,0.015441997323624466,0.9605969774809964
28,DEEPSTATE,Test,Nuclear Electric Power Production,0.012893877211252847,1.5760359648950057,0.06950779779503277,1.5813739932218918,0.015745463709240747,0.9980033073507293
3,SNAIVE [12],Test,Hydroelectric Power Production,0.011388958333333341,4.845010728481529,0.2187073749347014,4.608739756308188,0.016632738648771392,0.9695337667268393
28,DEEPSTATE,Test,Hydroelectric Power Production,0.011577579683939618,3.6418100710598416,0.21119955934232826,3.6023797276994793,0.017003302569150943,0.9812945629907143
17,RECURSIVE LIGHTGBM,Test,Hydroelectric Power Production,0.013492736972223396,6.156850867925616,0.2591071981747849,5.952922841773693,0.01702156712681255,0.9535016607792236
27,DEEPAR,Test,Wind Energy Production,0.015680352453708662,6.682965204062269,0.2631973810721806,6.619125502736951,0.017584221661739324,0.9668596498344398
21,RANDOMFOREST,Test,Solar Energy Production,0.013904597301573084,11.66011151239872,0.8613762324116779,11.456428265855124,0.01778625547904819,0.5305721890005691
16,RECURSIVE XGBOOST,Test,Geothermal Energy Production,0.017189273619132115,82.46567765497382,5.307040555735056,143.6277470418897,0.01801329934710554,0.27598099236802975
20,RECURSIVE RANDOMFOREST,Test,Hydroelectric Power Production,0.01366028234189496,6.190817252693897,0.2623246485254534,5.8590055926898525,0.01801407634091612,0.9732143590225983
27,DEEPAR,Test,Natural Gas Plant Liquids Production,0.012974835002263355,1.8321608469515624,0.11412668885250297,1.8340916608453521,0.018521183904889434,0.998508118077655
27,DEEPAR,Test,Biomass Energy Production,0.013698726530710859,2.5052767805712026,0.1445306067337568,2.4571841984085925,0.01873887063350453,0.9962415022073797
27,DEEPAR,Test,Hydroelectric Power Production,0.013474169543743147,4.450984531458484,0.24579737283864023,4.310482337174108,0.019030444850447584,0.9766595952631791
22,RECURSIVE RANDOMFOREST,Test,Hydroelectric Power Production,0.015188409797107625,6.633747010326271,0.29166997884570134,6.267758014098924,0.019315586914778863,0.972917150948277
4,RECURSIVE GLMNET,Test,Geothermal Energy Production,0.018516360288724793,94.60253319727741,5.716767163883568,61.775406244599765,0.01948289887836977,0.4951521016939819
3,SNAIVE [12],Test,Nuclear Electric Power Production,0.016295750000000025,2.039643208534016,0.10400256231028611,2.019290530292981,0.01984893709604102,0.9962388944405192
19,RECURSIVE LIGHTGBM,Test,Solar Energy Production,0.01745930068111048,14.463447283255729,1.081586637502703,15.881599590740011,0.020227853452381286,0.8202383413909824
6,RECURSIVE GLMNET,Test,Geothermal Energy Production,0.018602987057289425,94.32432793138376,5.743512434461674,60.20173639914709,0.020290252658446317,0.41286821331714224
23,RECURSIVE KERNLAB,Test,Hydroelectric Power Production,0.013191995133816617,5.648237868198576,0.2533319151255465,5.373413902608208,0.020651176896795555,0.9301949417600234
28,DEEPSTATE,Test,Biomass Energy Production,0.019420500371615097,3.9536721965809067,0.20489909740807313,3.8549817557856194,0.021893820003980383,0.9966546194152782
17,RECURSIVE LIGHTGBM,Test,Nuclear Electric Power Production,0.019899919884106224,2.4056013626890334,0.12700505700667084,2.389071829698295,0.023034931070185286,0.9947055224107677
27,DEEPAR,Test,Nuclear Electric Power Production,0.020381033420562727,2.673660218104854,0.10986926016434662,2.7252766621470763,0.024297874243623414,0.9975712209401423
14,RECURSIVE XGBOOST,Test,Nuclear Electric Power Production,0.01937075840028127,2.2758112793931247,0.12362784821335303,2.247322177793217,0.02455415630425712,0.9948063813324903
19,RECURSIVE LIGHTGBM,Test,Hydroelectric Power Production,0.020023336439470494,8.233418829670564,0.38451728612385006,8.329467934680185,0.024918685507431735,0.90594735731646
28,DEEPSTATE,Test,Wind Energy Production,0.020286596970876054,9.058185367855065,0.3405139782006978,9.7137213642908,0.02525276689381329,0.9399005996519023
16,RECURSIVE XGBOOST,Test,Hydroelectric Power Production,0.02289259595942497,9.617432366001712,0.4396169887699637,10.119576015638295,0.026241248711556354,0.933232441613826
28,DEEPSTATE,Test,Natural Gas Plant Liquids Production,0.01991222403208413,2.8637856278440825,0.1751479842383025,2.9100602979490455,0.026918583036844145,0.9964704141213176
3,SNAIVE [12],Test,Solar Energy Production,0.023609750000000002,19.088320327479135,1.462600970175585,21.60031565270004,0.02780410228641996,0.6569738446363121
23,RECURSIVE KERNLAB,Test,Nuclear Electric Power Production,0.02350762183837797,2.8167267375787506,0.15003009404369505,2.7753040076903677,0.02879185595361533,0.9914840602074321
16,RECURSIVE XGBOOST,Test,Solar Energy Production,0.028297393437206747,23.739808567560328,1.7529959061277152,27.429245439746108,0.031024209072688484,0.7022168855104377
2,WINDOW FUNC [12],Test,Solar Energy Production,0.025167791666666665,19.275328991883367,1.5591201308291562,22.354150066164017,0.032730269583085954,NA
1,WINDOW FUNC [6],Test,Solar Energy Production,0.025446291666666666,19.498284915946606,1.5763729340224937,22.647282249910567,0.03299913043944127,NA
6,RECURSIVE GLMNET,Test,Hydroelectric Power Production,0.03254774171470866,14.110523581804218,0.6250291679127754,12.864163801368408,0.03627197378367987,0.9573057675638399
26,LIGHTGBM,Test,Solar Energy Production,0.031695472271623254,26.848506111948982,1.9635035735088058,32.10661362324332,0.036936778712227905,0.2868735627010457
4,RECURSIVE GLMNET,Test,Hydroelectric Power Production,0.03252131303316215,14.147258828689246,0.6245216458554593,12.852424532473819,0.036999326965828534,0.9481410713410804
21,RANDOMFOREST,Test,Nuclear Electric Power Production,0.03435583898849929,4.4535081963192304,0.21926547014550105,4.332757566013183,0.037475028892879014,0.9953983577468326
21,RANDOMFOREST,Test,Wind Energy Production,0.030226087005621766,9.209648632684436,0.4842925380003153,9.585931732056395,0.03751919412434625,0.9426730873771495
3,SNAIVE [12],Test,Biomass Energy Production,0.03013437500000001,6.792572173774501,0.349170551289873,6.378528484385604,0.03759807001775736,0.9828118690525163
24,KERNLAB,Test,Nuclear Electric Power Production,0.032378581279809124,4.26299053962215,0.20664623702940993,4.131590084078788,0.039421114527026034,0.9939609178726456
22,RECURSIVE RANDOMFOREST,Test,Nuclear Electric Power Production,0.03011488095326383,3.7961497319845208,0.1921988728845659,3.675030851077226,0.039622873188812587,0.9897980660094648
19,RECURSIVE LIGHTGBM,Test,Nuclear Electric Power Production,0.032826788877858365,3.921375988975634,0.20950678279404547,3.8716508562052927,0.04069036046623147,0.9879839156552161
20,RECURSIVE RANDOMFOREST,Test,Nuclear Electric Power Production,0.03384783992020559,4.305297700126651,0.21602332389547987,4.171426026124653,0.041619949680600364,0.987125178980647
14,RECURSIVE XGBOOST,Test,Natural Gas Plant Liquids Production,0.035330638603210465,4.918475127430018,0.3195678064521338,4.899803210301604,0.043458157686788894,0.9792993892862775
17,RECURSIVE LIGHTGBM,Test,Natural Gas Plant Liquids Production,0.034515809806564976,5.745538548340146,0.31219762970264336,5.499160414439391,0.043708418524218216,0.9773718975786866
6,RECURSIVE GLMNET,Test,Wind Energy Production,0.033695283888110036,9.78070249467271,0.5398771779416528,10.261217506695688,0.04604191178376717,0.9418406960919159
4,RECURSIVE GLMNET,Test,Wind Energy Production,0.03567271175888169,10.515114311904854,0.5715601927516892,10.989473142838287,0.04764306680770963,0.9295158613021265
14,RECURSIVE XGBOOST,Test,Biomass Energy Production,0.03897209111293157,8.934060122017483,0.4515742084852091,8.272311718843612,0.04767794786496613,0.9754379872633671
26,LIGHTGBM,Test,Wind Energy Production,0.04174630905405041,16.001508143887854,0.6688734125648274,14.564683214307788,0.048158925724690965,0.9430005188975974
16,RECURSIVE XGBOOST,Test,Natural Gas Plant Liquids Production,0.0429032727578481,6.378914091654184,0.38806274969502663,6.287578078397589,0.048333450784345394,0.9624595634162351
23,RECURSIVE KERNLAB,Test,Biomass Energy Production,0.03873511571248851,8.58774725470252,0.44882834661766285,7.953073163059312,0.04883812551905573,0.9687495202764849
19,RECURSIVE LIGHTGBM,Test,Natural Gas Plant Liquids Production,0.041362641919521964,6.138387967451043,0.37412764868862536,6.017598902819399,0.04912574969879417,0.9576888425808724
29,Tuned LightGBM - Calendar,Test,Hydroelectric Power Production,0.03701592659400514,12.384528247525756,0.6752488515493967,12.73875320995828,0.050346736651618526,0.4351212434781599
21,RANDOMFOREST,Test,Geothermal Energy Production,0.04528605608664283,203.188624174732,13.981680761286313,99.80638075889222,0.05154165873168896,0.9700848170757042
23,RECURSIVE KERNLAB,Test,Wind Energy Production,0.04465851987835602,14.812973561538334,0.7155338344392381,15.722124000091444,0.052415317274474994,0.889938037547356
6,RECURSIVE GLMNET,Test,Nuclear Electric Power Production,0.04402751461360226,5.768177381031029,0.28099193544133866,5.517589459741407,0.05277204224943817,0.9891190429657867
17,RECURSIVE LIGHTGBM,Test,Biomass Energy Production,0.04104271349956565,9.402150779557317,0.4755667538840825,8.655267215316682,0.052834598949022246,0.9601812862337454
19,RECURSIVE LIGHTGBM,Test,Biomass Energy Production,0.0426330059567421,9.805500989259972,0.49399365983399607,9.02906737851286,0.05356034984367658,0.9613105988243342
4,RECURSIVE GLMNET,Test,Nuclear Electric Power Production,0.044281531707078915,5.812374544868011,0.2826131206333171,5.544214393533995,0.054454841595882396,0.9870162521181065
24,KERNLAB,Test,Wind Energy Production,0.04746823638791097,19.508351092553845,0.760552057910264,17.019950833335226,0.05619963771795429,0.9268157312144276
22,RECURSIVE RANDOMFOREST,Test,Wind Energy Production,0.04294227158225165,12.473787288233341,0.6880355266693797,13.2539310083115,0.05766818593738142,0.8898047094201335
22,RECURSIVE RANDOMFOREST,Test,Natural Gas Plant Liquids Production,0.04452629469812166,5.7067184887812985,0.40274308330297265,5.765748208124286,0.05778600983580494,0.9737153332507067
26,LIGHTGBM,Test,Hydroelectric Power Production,0.054315398936304146,23.472067686701553,1.0430434436766731,20.440394335796444,0.05864427157203935,0.9189167862007209
14,RECURSIVE XGBOOST,Test,Wind Energy Production,0.04622126591877142,13.883848290426846,0.7405726774102768,14.736115717010934,0.05884527634214508,0.8878244428578854
20,RECURSIVE RANDOMFOREST,Test,Wind Energy Production,0.044201359820763106,12.764329222968426,0.708209062148241,13.599001978919045,0.05932529398711477,0.8899632743996592
17,RECURSIVE LIGHTGBM,Test,Wind Energy Production,0.04773397204336701,14.376842225852048,0.7648097640100991,14.901352220400913,0.06064264863635339,0.8557907686839852
3,SNAIVE [12],Test,Wind Energy Production,0.04974379166666665,15.305279098842817,0.7970117703799474,16.885175855514575,0.06208383547757402,0.9236557841053555
23,RECURSIVE KERNLAB,Test,Natural Gas Plant Liquids Production,0.04997757133409813,7.833575645419433,0.4520502168786581,7.378944996376789,0.06246999665511282,0.9650636632111551
21,RANDOMFOREST,Test,Hydroelectric Power Production,0.05773090708918186,22.657810460773817,1.1086330086149905,20.030741265421817,0.06443702734337302,0.9472340890130018
6,RECURSIVE GLMNET,Test,Natural Gas Plant Liquids Production,0.05276182779561816,6.905517544548056,0.4772339883921253,7.205854155811009,0.06451745164486837,0.9928719039728916
4,RECURSIVE GLMNET,Test,Natural Gas Plant Liquids Production,0.052706005705255354,6.8672602790114015,0.47672907413996135,7.165234175736813,0.0648746508391258,0.9928663812089619
6,RECURSIVE GLMNET,Test,Biomass Energy Production,0.05842173671625123,13.062230106085543,0.6769395421848056,11.897917179150669,0.06637226040628617,0.9668454328672667
4,RECURSIVE GLMNET,Test,Biomass Energy Production,0.05846339209906012,13.099022037065852,0.6774222080101154,11.922410368167936,0.06671795420191765,0.9656135311768441
19,RECURSIVE LIGHTGBM,Test,Wind Energy Production,0.05134694726381907,15.364383749791699,0.8226980688680697,16.66104611520876,0.06700451708619555,0.8445049536320517
16,RECURSIVE XGBOOST,Test,Nuclear Electric Power Production,0.05790717325178782,7.166792133467717,0.36957454516248633,6.792326725501183,0.06929301383906555,0.9804073004670204
26,LIGHTGBM,Test,Nuclear Electric Power Production,0.06735030618788952,8.683448912283941,0.4298424077396142,8.24795334414472,0.07123481634234564,0.9937566519267487
24,KERNLAB,Test,Hydroelectric Power Production,0.06684231422309513,28.456275408468663,1.2836035263652512,24.206974234301445,0.0712922360037378,0.9056662274139318
24,KERNLAB,Test,Solar Energy Production,0.0686437164902485,60.46442865123542,4.252411242605079,45.35745108452275,0.07206995039514894,0.5958796690067781
16,RECURSIVE XGBOOST,Test,Biomass Energy Production,0.05798645956754685,12.5972415549843,0.6718959346111628,11.349028134028918,0.07506539841669606,0.9248590033021561
26,LIGHTGBM,Test,Geothermal Energy Production,0.07334953393723505,378.6630412518524,22.646038452486124,126.48910232799221,0.0753533670468509,0.0016284694801624708
20,RECURSIVE RANDOMFOREST,Test,Natural Gas Plant Liquids Production,0.05285265847186382,6.343672300018214,0.4780555574640116,6.53407700939935,0.07563254789809956,0.9654819253482838
16,RECURSIVE XGBOOST,Test,Wind Energy Production,0.059535224579970035,18.046428709964736,0.9538934036314354,20.38206981675295,0.07608253979327886,0.8283307302051542
5,GLMNET,Test,Nuclear Electric Power Production,0.06635392909303163,8.786293041615368,0.42348334044338665,8.245764020088588,0.07667902042068336,0.9714122777387971
20,RECURSIVE RANDOMFOREST,Test,Biomass Energy Production,0.06522218347340014,14.874161112997639,0.7557371194768886,13.295417478599672,0.07740093122262698,0.9427924756577846
1,WINDOW FUNC [6],Test,Hydroelectric Power Production,0.060648125,23.99709398185277,1.1646536781717638,23.030863897509544,0.07753053160084862,NA
2,WINDOW FUNC [12],Test,Hydroelectric Power Production,0.06522674305555555,26.95919544684571,1.2525789744500317,24.76237763539146,0.07804935836337916,NA
22,RECURSIVE RANDOMFOREST,Test,Biomass Energy Production,0.06745437096925379,15.048243625842112,0.7816017388197347,13.485564744194642,0.07839496322790167,0.945331354095947
21,RANDOMFOREST,Test,Biomass Energy Production,0.07650673140639122,16.475552816427633,0.8864925050728897,14.949739115983245,0.08020497433821454,0.9800133091930315
29,Tuned LightGBM - Calendar,Test,Wind Energy Production,0.07259897476825433,27.95166128589251,1.2185861308883101,26.161453088605352,0.0803412024358473,0.3654903415554684
24,KERNLAB,Test,Natural Gas Plant Liquids Production,0.06179045472062003,7.53212787659329,0.5588984760936111,7.708746251589672,0.08608606959159923,0.9750086313503638
24,KERNLAB,Test,Biomass Energy Production,0.07822459898624194,17.750325495259823,0.9063976389905327,15.792834374387454,0.08646102021054027,0.960398092278678
15,XGBOOST,Test,Wind Energy Production,0.08090340946065055,32.845472462689514,1.2962616528328623,27.20208664164509,0.08773700920659522,0.9192762144302711
3,SNAIVE [12],Test,Natural Gas Plant Liquids Production,0.08240766666666668,11.61680158775084,0.7453824304526517,12.413885666256201,0.09081711840796276,0.9857559914995124
24,KERNLAB,Test,Geothermal Energy Production,0.0865132478913653,429.39243681388683,26.710222045497773,132.18066822109895,0.091229034859618,0.24293808429251118
26,LIGHTGBM,Test,Natural Gas Plant Liquids Production,0.08482028569724721,13.344169936864228,0.7672047184691846,12.551746114276929,0.09326771803137814,0.9770302646933685
15,XGBOOST,Test,Solar Energy Production,0.09252257970126469,84.82802712413381,5.7316835135576465,58.04606290088283,0.09430425910632591,0.3622976562872958
15,XGBOOST,Test,Natural Gas Plant Liquids Production,0.08441036371644339,12.84896358781805,0.7634969488561528,12.233174331196741,0.09443195914495123,0.9615424903812269
18,LIGHTGBM,Test,Wind Energy Production,0.08962575009342852,37.35066169662179,1.4360139297837515,29.714877383151165,0.10008614190492636,0.86161659190587
26,LIGHTGBM,Test,Biomass Energy Production,0.10018842235021488,22.204900901664494,1.160895046434086,19.56982304172924,0.10446203222263986,0.979275625994037
18,LIGHTGBM,Test,Nuclear Electric Power Production,0.10062325080077403,13.150690257516798,0.642196640919935,12.181493184393732,0.10505716202674042,0.9904399210444672
18,LIGHTGBM,Test,Solar Energy Production,0.10251783565788579,93.38535856297932,6.350879865035629,61.984926142910915,0.10510796709665732,0.16936723911823204
15,XGBOOST,Test,Nuclear Electric Power Production,0.10650336332114538,13.602035405728216,0.679724632500035,12.654524102574143,0.10763360853412283,0.9974607655711208
5,GLMNET,Test,Biomass Energy Production,0.07879303530558514,12.644883636191073,0.9129841775531626,11.756650852929376,0.1148569770174354,0.968064069682589
12,PROPHET W/ XGBOOST ERRORS,Test,Nuclear Electric Power Production,0.1050856391556327,13.339902787756074,0.6706764484113903,12.313336112137542,0.11498642514072395,0.9731816462945185
18,LIGHTGBM,Test,Biomass Energy Production,0.10254819149532715,24.385784869819556,1.1882379693689629,20.83031292212137,0.1161201693619481,0.9647967383897851
21,RANDOMFOREST,Test,Natural Gas Plant Liquids Production,0.0933337826450567,11.403120022298403,0.8442098237378223,12.370983504255921,0.1236954726386257,0.9831916209217453
12,PROPHET W/ XGBOOST ERRORS,Test,Biomass Energy Production,0.09228096202273159,15.242573704706514,1.0692703725574868,14.862550781911823,0.12465530894613383,0.9702253825753908
27,DEEPAR,Test,Crude Oil Production,0.0720194804636638,2.2698308622122423,0.162138114356742,2.3019151511106206,0.12560086953801683,0.9987679705338641
1,WINDOW FUNC [6],Test,Wind Energy Production,0.0926639861111111,26.7120982977097,1.4846935697177528,28.68720513080761,0.1282240556017228,NA
15,XGBOOST,Test,Geothermal Energy Production,0.12964101975989342,661.2994726632865,40.025551096401806,151.54076642659976,0.12967958364678997,0.7596270823389624
2,WINDOW FUNC [12],Test,Wind Energy Production,0.09007352777777777,24.845970665670652,1.4431883745331848,27.644615324567308,0.13118185087840564,NA
18,LIGHTGBM,Test,Hydroelectric Power Production,0.12426410819491349,56.07314982905075,2.386300494433093,41.29349789575256,0.13176248768771193,0.6846276248687002
15,XGBOOST,Test,Hydroelectric Power Production,0.12932317882585526,56.16251629321616,2.483452141222785,42.30092872293354,0.13252952660343087,0.8602459329641031
15,XGBOOST,Test,Biomass Energy Production,0.13092988375266393,28.137042699288894,1.5170999793503812,24.233309330038878,0.13328167982116979,0.9791400546568189
5,GLMNET,Test,Natural Gas Plant Liquids Production,0.12645880861976896,20.826649656592526,1.1438277278548126,23.809054067195248,0.13395840231820075,0.9879117501269287
25,RECURSIVE KERNLAB,Test,Wind Energy Production,0.12441589717689279,47.045833561497034,1.993433374296086,36.11278631158418,0.13559028386535193,0.8215086262315539
25,RECURSIVE KERNLAB,Test,Natural Gas Plant Liquids Production,0.12474874326882739,19.894730250373172,1.1283600812258456,17.51233568274461,0.14176731616163002,0.8991498698741992
27,DEEPAR,Test,Coal Production,0.12627245044962568,8.912174591515905,0.4515429490279005,8.757838236460024,0.14398555671140245,0.9565098660760964
5,GLMNET,Test,Wind Energy Production,0.1173957857576583,36.09566953319156,1.8809547866564176,38.84015086723438,0.14655693340914838,0.9477186990632488
18,LIGHTGBM,Test,Geothermal Energy Production,0.14700637923045848,745.9712094932538,45.386956646001735,155.75610252051297,0.14785024336112557,0.1482736526220016
25,RECURSIVE KERNLAB,Test,Nuclear Electric Power Production,0.1324094683432907,17.07423507219732,0.8450623004062364,15.321124682593707,0.14819631227858002,0.9451925195443455
12,PROPHET W/ XGBOOST ERRORS,Test,Natural Gas Plant Liquids Production,0.1386113091404187,23.53782600524788,1.2537478450060366,27.664777939299086,0.15026980154509287,0.9919497888207939
25,RECURSIVE KERNLAB,Test,Solar Energy Production,0.14079018771142013,120.59399281949061,8.72181472221967,72.78210620947699,0.15134799959379436,0.5607240881023521
18,LIGHTGBM,Test,Natural Gas Plant Liquids Production,0.14766440604824874,23.07306073399088,1.3356336652122682,21.004766976692938,0.15632003818570098,0.9358529041654545
25,RECURSIVE KERNLAB,Test,Geothermal Energy Production,0.14687237355570115,728.5744964406433,45.34558354517191,151.21940879815642,0.15842024065215274,0.12657569205883842
28,DEEPSTATE,Test,Coal Production,0.1270626992746989,9.058977152150987,0.4543688329294863,8.482415141355478,0.1619580928164917,0.9606592904140709
25,RECURSIVE KERNLAB,Test,Hydroelectric Power Production,0.15534131780002225,64.91791418342578,2.983090361785213,46.979214073293235,0.16673403827957592,0.6566575636810302
12,PROPHET W/ XGBOOST ERRORS,Test,Wind Energy Production,0.14358387103471107,45.992048512077304,2.3005491020513844,54.116326685478334,0.1679189351083259,0.9389163628461618
13,"ARIMA(4,0,1)(0,0,1)[12] WITH NON-ZERO MEAN W/ XGBOOST ERRORS",Test,Solar Energy Production,0.1395133606111353,130.34598883636275,8.642716529497465,71.85542385743756,0.1683735018612431,0.042114288533259533
2,WINDOW FUNC [12],Test,Biomass Energy Production,0.15531801388888888,30.92538126103384,1.7996881148134471,28.729188520138173,0.1728990952940873,NA
29,Tuned LightGBM - Calendar,Test,Biomass Energy Production,0.17289175700010823,35.754358475970136,1.8241221534330607,31.36299629661622,0.1753774146968058,0.4907595600136285
28,DEEPSTATE,Test,Crude Oil Production,0.12315337517420466,4.284073869655577,0.2772563186912795,4.375036552562165,0.1779826592550766,0.9893333795893207
6,RECURSIVE GLMNET,Test,Natural Gas (Dry) Production,0.12523376340357015,3.4621134438715915,0.22204675818901326,3.5019749100270468,0.1805376263700184,0.9782739531627698
4,RECURSIVE GLMNET,Test,Natural Gas (Dry) Production,0.12696028042592208,3.497990825779234,0.22510797345039588,3.5388845814847087,0.1828314793858099,0.9776014177177215
1,WINDOW FUNC [6],Test,Biomass Energy Production,0.17232720833333337,36.12694960303886,1.9967756535848113,31.648624213989496,0.18318631083737766,NA
24,KERNLAB,Test,Coal Production,0.157169120662196,14.878027640534464,0.7203868675608587,13.301053205036306,0.18517375510505615,0.9214014398569431
27,DEEPAR,Test,Natural Gas (Dry) Production,0.15776313734944666,4.404931067257726,0.24460660199788062,4.372424537981569,0.18522984194545922,0.9997464332595384
25,RECURSIVE KERNLAB,Test,Biomass Energy Production,0.17870351830209674,38.35548476363609,2.070658707969985,30.81825863348709,0.19469753250312452,0.817032807681527
29,Tuned LightGBM - Calendar,Test,Natural Gas Plant Liquids Production,0.19484986541806582,32.384843496129164,1.7139000195101142,29.259432645063104,0.20090532495641006,0.62713131933845645
28,DEEPSTATE,Test,Natural Gas (Dry) Production,0.16131127245585128,4.138689703761058,0.25010786982500693,4.189857739535068,0.22489552233517782,0.9890649833366533
5,GLMNET,Test,Hydroelectric Power Production,0.14766164923672792,46.408116319548895,2.8356141745266488,34.72535743239143,0.22584480123377573,0.8113842959756633
1,WINDOW FUNC [6],Test,Natural Gas Plant Liquids Production,0.19426191666666667,26.509278587345097,1.7571110243309538,26.561147059306318,0.22830531816898342,NA
12,PROPHET W/ XGBOOST ERRORS,Test,Hydroelectric Power Production,0.16275415587453956,51.09022524946777,3.125442481148809,39.87499916791367,0.2406873236480514,0.8034466938475984
2,WINDOW FUNC [12],Test,Natural Gas Plant Liquids Production,0.17068327777777778,20.363633494054916,1.5438407805215337,22.83725063306019,0.24244197673180012,NA
20,RECURSIVE RANDOMFOREST,Test,Crude Oil Production,0.21984439778229642,9.40609508806463,0.5460949148599012,9.400436603498074,0.2469469988126639,0.9115042191520316
6,RECURSIVE GLMNET,Test,Coal Production,0.21863125550419293,19.172056863898888,1.0020994241106465,16.954087844267253,0.24942551144177605,0.8934578230082995
4,RECURSIVE GLMNET,Test,Coal Production,0.218614988843425,19.170698767534684,1.0020248656430102,16.952107895341108,0.24956700483705854,0.892569234868812
25,RECURSIVE KERNLAB,Test,Crude Oil Production,0.1957471160642542,7.727183992276274,0.48623711024483635,7.634858491876228,0.2500439488732099,0.9465325946521722
5,GLMNET,Test,Solar Energy Production,0.19924785488519997,161.54546963215805,12.34321015091213,164.11014905619925,0.2518802429642838,0.4488070189482272
23,RECURSIVE KERNLAB,Test,Crude Oil Production,0.16701992995190637,5.866872672864551,0.41487859298244906,6.1815928105621945,0.25928093703461846,0.9475829746400954
13,"ARIMA(4,0,1)(0,0,1)[12] WITH NON-ZERO MEAN W/ XGBOOST ERRORS",Test,Natural Gas Plant Liquids Production,0.17008538281470517,19.460311836777763,1.5384327836838958,22.721205155189647,0.26002063232412775,8.218380187643734e-4
8,"TBATS(0.062, {1,4}, 0.964, {<12,2>})",Test,Natural Gas Plant Liquids Production,0.17020795327691593,18.936087470032913,1.5395414410785275,22.719188904790325,0.26405554765972633,0.00573554363702017
17,RECURSIVE LIGHTGBM,Test,Crude Oil Production,0.20903215609089745,9.334757776559236,0.519237236131348,8.799287303517044,0.2669225193984135,0.9176340764162836
12,PROPHET W/ XGBOOST ERRORS,Test,Solar Energy Production,0.22515363371603633,185.60654339591676,13.94804786631087,169.92472942052675,0.27071366962028537,0.4566855151692308
22,RECURSIVE RANDOMFOREST,Test,Crude Oil Production,0.2281036720698914,10.107035140917803,0.566611005942446,9.617522165357755,0.27737077986356856,0.899133601198179
5,GLMNET,Test,Geothermal Energy Production,0.18381514444187247,698.1060412448437,56.751346678520555,190.95150071262032,0.27876964300818685,0.9847007702532639
2,WINDOW FUNC [12],Test,Nuclear Electric Power Production,0.24083319444444448,27.102585713197218,1.5370430518137275,26.522427865284907,0.28433060339571326,NA
23,RECURSIVE KERNLAB,Test,Coal Production,0.2500004190599603,22.849678912910274,1.1458804249633092,19.44507766654619,0.2898278129106364,0.8708937269829051
1,WINDOW FUNC [6],Test,Nuclear Electric Power Production,0.26332088888888894,31.260079261428658,1.6805637760929417,28.999993640095216,0.2905394434488932,NA
6,RECURSIVE GLMNET,Test,Crude Oil Production,0.22735383286806066,9.653814136165865,0.564748400485072,9.001042314505971,0.29275452194540574,0.9064976206995359
12,PROPHET W/ XGBOOST ERRORS,Test,Geothermal Energy Production,0.2102368424969608,839.8066222483852,64.90881896249596,191.4558551895321,0.29329246166886397,0.9828055590327013
4,RECURSIVE GLMNET,Test,Crude Oil Production,0.22855506632733005,9.683753992864583,0.567732272215641,9.032483131891814,0.2937130378127362,0.905868571862649
8,"TBATS(0.062, {1,4}, 0.964, {<12,2>})",Test,Wind Energy Production,0.26790376584895387,112.3557151473344,4.292444294185382,65.20903385874998,0.294692188376095,0.02815816745746838
9,"SEASONAL DECOMP: ETS(A,N,N)",Test,Natural Gas Plant Liquids Production,0.2489133135498476,35.935053179326836,2.2514362817271247,32.90286011868461,0.3035385079043504,0.001192712268495106
3,SNAIVE [12],Test,Crude Oil Production,0.2423830746809127,9.362943318572055,0.6020811349599607,9.690887801957734,0.3042381106185916,0.8768714150605914
29,Tuned LightGBM - Calendar,Test,Nuclear Electric Power Production,0.30089611056675425,38.42344106595309,1.6220587235260002,33.38544641409035,0.3117642653935697,0.16403419683270756
8,"TBATS(0.062, {1,4}, 0.964, {<12,2>})",Test,Hydroelectric Power Production,0.30803034618036496,136.54748345305606,5.9152475969782055,76.9646620997491,0.3171546052616456,0.06811650443327433
14,RECURSIVE XGBOOST,Test,Crude Oil Production,0.2725137597077688,11.312036670995534,0.6769259526600938,10.915497376752588,0.32615437785299844,0.8557024591017413
13,"ARIMA(4,0,1)(0,0,1)[12] WITH NON-ZERO MEAN W/ XGBOOST ERRORS",Test,Wind Energy Production,0.2402917287515467,70.01212249109528,3.8500349435216634,97.86094593600497,0.32768601550913257,0.06871404341109902
21,RANDOMFOREST,Test,Crude Oil Production,0.2633129403814869,9.504117264277804,0.6540710575737844,9.873634817631512,0.33076792749885753,0.9553385726416174
9,"SEASONAL DECOMP: ETS(A,N,N)",Test,Biomass Energy Production,0.291788036056063,60.80701625235877,3.380982330295048,45.620431111629,0.3367765045313539,0.01987754928026633
3,SNAIVE [12],Test,Natural Gas (Dry) Production,0.2502826729604897,6.919072089542248,0.4437657597389861,7.279711573070345,0.344104902841625,0.9570531918647279
25,RECURSIVE KERNLAB,Test,Coal Production,0.3026044843730443,28.10004192951075,1.3869918956656737,23.1817307478636,0.3476137154908906,0.8335016352112042
26,LIGHTGBM,Test,Coal Production,0.3112473490998524,27.490674609183934,1.4266065872861702,23.04069913902461,0.35777941790740847,0.8276275575931294
3,SNAIVE [12],Test,Coal Production,0.32056529166666675,28.248900332363313,1.4693155076487558,23.616087186525675,0.3637337254919901,0.8471121800172784
13,"ARIMA(4,0,1)(0,0,1)[12] WITH NON-ZERO MEAN W/ XGBOOST ERRORS",Test,Geothermal Energy Production,0.36191940515467347,1848.7776748042804,111.73950706826528,178.9618924808281,0.36395565698933824,2.2588296094771092e-4
9,"SEASONAL DECOMP: ETS(A,N,N)",Test,Nuclear Electric Power Production,0.28903723476553866,40.20275480293121,1.8446903651992501,30.283440962114085,0.3756751565283806,0.29507764282351284
13,"ARIMA(4,0,1)(0,0,1)[12] WITH NON-ZERO MEAN W/ XGBOOST ERRORS",Test,Coal Production,0.3245088776397526,28.46644657955006,1.4873909892327895,25.545577030007976,0.379355141959113,0.2195650172385245
13,"ARIMA(4,0,1)(0,0,1)[12] WITH NON-ZERO MEAN W/ XGBOOST ERRORS",Test,Biomass Energy Production,0.3336710719837874,62.592502765012995,3.866285999097772,82.74745901000664,0.38129504722191654,0.042171711289639015
14,RECURSIVE XGBOOST,Test,Coal Production,0.3368369307578405,29.70456907494506,1.5438967934992083,24.58719335014587,0.3842819695537099,0.842737000790083
17,RECURSIVE LIGHTGBM,Test,Coal Production,0.3409091084033568,29.833919686600264,1.5625616768162685,24.730578000691626,0.38824998130196803,0.8471601392253714
10,"ARIMA(2,0,1)(1,0,0)[12] WITH NON-ZERO MEAN",Test,Natural Gas Plant Liquids Production,0.34526260948249876,58.00650453817142,3.122921609241328,42.42907280072522,0.38937334254737643,0.0029132055886774977
14,RECURSIVE XGBOOST,Test,Natural Gas (Dry) Production,0.34131404566001894,10.001274507100193,0.6051696866998688,9.436328300402002,0.4004392150612815,0.9099570882871973
8,"TBATS(0.062, {1,4}, 0.964, {<12,2>})",Test,Nuclear Electric Power Production,0.29479820898853476,28.566434560558,1.8814579936051292,36.123837290685465,0.40436565944606706,0.05520311703318516
21,RANDOMFOREST,Test,Coal Production,0.3738441806991379,32.02528087424316,1.7135200423277896,26.378044383719857,0.4260411397099962,0.8407645648238569
22,RECURSIVE RANDOMFOREST,Test,Natural Gas (Dry) Production,0.3390256979871579,9.226079532460165,0.6011123129648743,8.791614088535106,0.4268999525099464,0.8772747751392111
13,"ARIMA(4,0,1)(0,0,1)[12] WITH NON-ZERO MEAN W/ XGBOOST ERRORS",Test,Hydroelectric Power Production,0.4132316702445886,177.55274232584637,7.935476730524177,93.90215706952091,0.43142566878301214,0.1401147083340727
20,RECURSIVE RANDOMFOREST,Test,Coal Production,0.38224010111398005,33.705529223415745,1.7520028612330252,27.33267176593685,0.43237629848514125,0.8205760491696986
19,RECURSIVE LIGHTGBM,Test,Coal Production,0.39241760412111626,34.70322861995213,1.7986515889220998,28.136578040070887,0.43631117315405465,0.8295264586476633
18,LIGHTGBM,Test,Coal Production,0.39590050872756793,34.331410407521,1.8146155310048941,28.02951296212259,0.4418313953836669,0.8393574343734593
22,RECURSIVE RANDOMFOREST,Test,Coal Production,0.3907294555067747,33.94727047220411,1.79091393608585,27.602122805164512,0.4432519215945611,0.825050191579599
16,RECURSIVE XGBOOST,Test,Coal Production,0.4069973583844503,35.99554324284902,1.8654780969493638,29.013223755132174,0.4525514255563448,0.8180034671787816
26,LIGHTGBM,Test,Natural Gas (Dry) Production,0.40388620457909014,13.308381090743993,0.7161137696952332,12.224561091065537,0.45284568217833954,0.9950470577698803
15,XGBOOST,Test,Coal Production,0.4090008791116079,35.607167186664604,1.8746612622852088,28.90472315772889,0.4536653625034101,0.835346179932462
8,"TBATS(0.062, {1,4}, 0.964, {<12,2>})",Test,Solar Energy Production,0.45097712370866855,407.93627726908676,27.937592675199586,131.7985492639548,0.45438221600463136,0.2223582388965942
8,"TBATS(0.062, {1,4}, 0.964, {<12,2>})",Test,Biomass Energy Production,0.2464192429783506,43.66548523762779,2.85528878296576,34.3673540492444,0.45902874819909023,0.153694197867795
21,RANDOMFOREST,Test,Natural Gas (Dry) Production,0.3300364921197316,7.4774252038128735,0.5851739272827048,7.925598406696338,0.4619891832127714,0.9954575411156096
26,LIGHTGBM,Test,Crude Oil Production,0.41099849575244124,19.838605755408807,1.0209229382671623,17.359617203880337,0.4707570970967548,0.9609082445944247
9,"SEASONAL DECOMP: ETS(A,N,N)",Test,Hydroelectric Power Production,0.43638046343678855,179.6526223397635,8.380013591911617,90.00706510747717,0.4715914718402703,0.29156131588509654
20,RECURSIVE RANDOMFOREST,Test,Natural Gas (Dry) Production,0.3861870507820236,10.218639046831314,0.684732138923165,9.841752384981762,0.48508786514631175,0.8366101288693594
10,"ARIMA(2,0,1)(1,0,0)[12] WITH NON-ZERO MEAN",Test,Coal Production,0.36734461157278947,24.756325089537544,1.6837291761341124,29.453054411676394,0.48953132599632576,0.11643374550310916
10,"ARIMA(2,0,1)(1,0,0)[12] WITH NON-ZERO MEAN",Test,Nuclear Electric Power Production,0.3342254856051066,36.55653628374879,2.1330903390350664,36.02414874611699,0.5087974320333061,0.18033886386753284
2,WINDOW FUNC [12],Test,Coal Production,0.47001599999999993,45.03703521636944,2.15432492411295,34.96956131014121,0.5199678025649894,NA
19,RECURSIVE LIGHTGBM,Test,Crude Oil Production,0.37893704421145274,15.904064813130118,0.9412820839803087,13.976410059191624,0.5212647537396004,0.8335162690330286
10,"ARIMA(2,0,1)(1,0,0)[12] WITH NON-ZERO MEAN",Test,Biomass Energy Production,0.4876191634151967,108.95110644641306,5.650100661095206,65.5079866569375,0.5406933124352254,0.06354644368223103
29,Tuned LightGBM - Calendar,Test,Coal Production,0.5423266009723406,42.10004744912815,1.9393284272805056,35.5199754075648,0.5491061169725778,0.17893682349770512
16,RECURSIVE XGBOOST,Test,Natural Gas (Dry) Production,0.4569913500493367,13.675938808844032,0.8102722863312354,12.438251115476147,0.5516527469770885,0.8675750869769183
18,LIGHTGBM,Test,Crude Oil Production,0.4967292270573709,23.75902850526664,1.2338786327725273,20.451814076564183,0.5557841351483312,0.9566691225581986
16,RECURSIVE XGBOOST,Test,Crude Oil Production,0.44090872345129656,18.380848228946043,1.0952201385297837,16.066719537889846,0.5593706180147994,0.8196089763533458
15,XGBOOST,Test,Crude Oil Production,0.5075808716367086,24.10822014325842,1.2608341885311583,20.774342407366614,0.5619018353529285,0.9593849648792413
8,"TBATS(0.062, {1,4}, 0.964, {<12,2>})",Test,Geothermal Energy Production,0.5585372858486422,2817.8453691219875,172.4435885754775,185.94088386218365,0.5632892929682622,0.10690981037645282
9,"SEASONAL DECOMP: ETS(A,N,N)",Test,Coal Production,0.4304693214017429,32.377152181579135,1.97306216844057,33.567968296317964,0.5633070813389339,0.08937897198983442
18,LIGHTGBM,Test,Natural Gas (Dry) Production,0.5435075737139402,17.30945368188495,0.9636705910166405,15.692534543305836,0.581014918664231,0.9955450762635957
24,KERNLAB,Test,Crude Oil Production,0.45059914494690373,15.343416310268971,1.1192912085910756,16.975557863929954,0.5929560321825453,0.9370098158510634
15,XGBOOST,Test,Natural Gas (Dry) Production,0.5702002145587073,17.840958446296476,1.0109981982529108,16.231575046312923,0.5952183754556807,0.9919019510918321
1,WINDOW FUNC [6],Test,Coal Production,0.5384874027777778,52.74749177179117,2.4681645584937875,38.82873953181829,0.6001359815460924,NA
17,RECURSIVE LIGHTGBM,Test,Natural Gas (Dry) Production,0.4807265423552479,14.488555451057506,0.8523561650176611,12.943189261675393,0.6117262094339244,0.8473006062957211
9,"SEASONAL DECOMP: ETS(A,N,N)",Test,Solar Energy Production,0.5784121717701218,539.8050912909474,35.83206953027234,138.04085815819295,0.6197255144253186,0.350006118522379
25,RECURSIVE KERNLAB,Test,Natural Gas (Dry) Production,0.49214550398233065,11.826683052791239,0.8726026492106466,12.796630932232206,0.6447442239152372,0.9695153543705938
5,GLMNET,Test,Coal Production,0.6320434349285522,59.56836582026259,2.8969799432115964,43.25198521139007,0.6658120322262937,0.8146232920457706
10,"ARIMA(2,0,1)(1,0,0)[12] WITH NON-ZERO MEAN",Test,Hydroelectric Power Production,0.6849137529985874,296.57702189884964,13.152712003219092,120.47607188292979,0.692873591875212,0.13172050843066993
19,RECURSIVE LIGHTGBM,Test,Natural Gas (Dry) Production,0.5637352156649111,17.201701832294635,0.9995353785863251,15.148499802484292,0.7013473133521148,0.828945341118344
10,"ARIMA(2,0,1)(1,0,0)[12] WITH NON-ZERO MEAN",Test,Wind Energy Production,0.6716913132988724,265.36095733559176,10.762064266200719,105.8946843521217,0.7059218581944816,0.022660318511628932
12,PROPHET W/ XGBOOST ERRORS,Test,Coal Production,0.6799794530714814,63.25357775706373,3.1166953542785456,45.52577882376269,0.7083613040057307,0.8165428732917945
12,PROPHET W/ XGBOOST ERRORS,Test,Crude Oil Production,0.5125649583799673,16.604996875913557,1.2732146924383332,18.974836192610724,0.7229347330395945,0.9464500871755477
23,RECURSIVE KERNLAB,Test,Natural Gas (Dry) Production,0.6029475714519167,15.394989085048982,1.0690611697693324,16.894699713013903,0.7237812683027519,0.9499938054125086
13,"ARIMA(4,0,1)(0,0,1)[12] WITH NON-ZERO MEAN W/ XGBOOST ERRORS",Test,Nuclear Electric Power Production,0.6378866882333443,84.4483723826181,4.071113636370853,60.43314272023053,0.7412857605303612,0.18895479982011965
5,GLMNET,Test,Crude Oil Production,0.5457654050040915,17.681087043161718,1.3556848179243866,20.428372981551078,0.7664495144472631,0.9479764850713764
11,"NNAR(1,1,10)[12]",Test,Natural Gas Plant Liquids Production,0.5492820781856843,72.588055840615,4.968290293890076,80.95742884114604,0.8047515195824952,1.367245975527662e-4
2,WINDOW FUNC [12],Test,Crude Oil Production,0.6544423369948826,24.23063649382259,1.6256390242695324,24.66369738169904,0.8169391058046068,NA
10,"ARIMA(2,0,1)(1,0,0)[12] WITH NON-ZERO MEAN",Test,Solar Energy Production,0.8246822473869169,737.2266924891712,51.088260363395904,156.00638924117055,0.8270517464155845,0.0028513727216495817
8,"TBATS(0.062, {1,4}, 0.964, {<12,2>})",Test,Coal Production,0.7089046227284158,51.20591991604915,3.2492742748389722,71.519201408265,0.8279490694527083,0.09192589216140072
7,"ETS(M,AD,A)",Test,Coal Production,0.7501390867852462,73.68650408199906,3.4382730188180477,49.23751674557471,0.8313941664131205,0.09718033571465076
29,Tuned LightGBM - Calendar,Test,Crude Oil Production,0.809412391258374,33.72776852862167,1.8222375114442464,30.3027818041955,0.8360461567653914,0.10478901443311212
1,WINDOW FUNC [6],Test,Crude Oil Production,0.7905335528694489,33.19349274416075,1.9636904901967958,29.816549308015368,0.8504537909979736,NA
9,"SEASONAL DECOMP: ETS(A,N,N)",Test,Wind Energy Production,0.8302659603676826,327.6914809319133,13.302800626721844,114.32677167945715,0.88122509490659,0.011968321298510744
10,"ARIMA(2,0,1)(1,0,0)[12] WITH NON-ZERO MEAN",Test,Geothermal Energy Production,0.910253579291423,4658.619062022513,281.03297255829483,191.05976494420867,0.9119035470416305,0.17159656655858255
7,"ETS(M,AD,A)",Test,Natural Gas Plant Liquids Production,0.9281899095511896,150.64899596924045,8.395535011340682,82.0798670821417,0.950118504908693,0.22602532289055868
11,"NNAR(1,1,10)[12]",Test,Hydroelectric Power Production,0.6931249170236639,268.7079184961918,13.310394740877953,98.68874792008046,1.0737039843777223,0.1309563201547032
13,"ARIMA(4,0,1)(0,0,1)[12] WITH NON-ZERO MEAN W/ XGBOOST ERRORS",Test,Crude Oil Production,0.7568516466847157,24.443426971357418,1.8800244160288042,30.481372306200537,1.0752681213059703,0.1259114619584613
11,"NNAR(1,1,10)[12]",Test,Wind Energy Production,0.7045820554414703,289.2295867041762,11.289050805543043,91.48617673369328,1.1048666393435598,0.030843803059622386
12,PROPHET W/ XGBOOST ERRORS,Test,Natural Gas (Dry) Production,0.6757800596568303,13.756847874411104,1.198197414318856,16.277351629192538,1.106057763214703,0.9923013151661055
7,"ETS(M,AD,A)",Test,Nuclear Electric Power Production,1.1098129379694894,146.85725740839507,7.083036327504615,80.78261306684115,1.1394844589231703,0.19619914510197342
7,"ETS(M,AD,A)",Test,Biomass Energy Production,1.1079413214876577,245.75429040146398,12.837846546366922,104.23808499247826,1.1401538000382159,0.2551235130900144
5,GLMNET,Test,Natural Gas (Dry) Production,0.7045704367585269,14.443701245694768,1.24924443014533,17.16151710358387,1.1407469205487943,0.991746073191835
9,"SEASONAL DECOMP: ETS(A,N,N)",Test,Geothermal Energy Production,1.1159016270343494,5679.037780455233,344.52504056311795,192.3349100765191,1.1448998296923192,0.004295567079092305
11,"NNAR(1,1,10)[12]",Test,Coal Production,0.8712829406197876,66.44361677160197,3.993537570915952,80.16869961774466,1.1623302489220422,0.015103881146980457
29,Tuned LightGBM - Calendar,Test,Natural Gas (Dry) Production,1.1432222068630336,34.86640178896232,1.7725287671598502,30.96490987834075,1.1720266495116292,0.2134068370134477
1,WINDOW FUNC [6],Test,Natural Gas (Dry) Production,1.0650942317595904,29.404273961505744,1.8884741215186738,27.834479743076045,1.1755784519732724,NA
2,WINDOW FUNC [12],Test,Natural Gas (Dry) Production,0.9237878082262986,22.48142296201977,1.637929600583542,23.89888377176811,1.1870742881212104,NA
24,KERNLAB,Test,Natural Gas (Dry) Production,0.9711787348786434,23.519649618172114,1.721956474365301,27.380456084237636,1.224248814139355,0.9500350394960316
11,"NNAR(1,1,10)[12]",Test,Biomass Energy Production,0.7701555435554466,166.93136766305582,8.923882964959684,77.51420790797927,1.2304378754054135,0.0033134426262003587
7,"ETS(M,AD,A)",Test,Crude Oil Production,0.9247895898655051,30.95873109684055,2.2971833598463176,39.51095126661179,1.2459564400177214,0.03572430201279967
11,"NNAR(1,1,10)[12]",Test,Geothermal Energy Production,0.7842851207532773,4012.5715284368234,242.14129318789435,177.88390375702508,1.2574834454670936,0.007248325951145416
7,"ETS(M,AD,A)",Test,Hydroelectric Power Production,1.3695722735822409,575.2057600819275,26.30052266165891,145.8347102199955,1.3759898705988158,0.15246872380914428
13,"ARIMA(4,0,1)(0,0,1)[12] WITH NON-ZERO MEAN W/ XGBOOST ERRORS",Test,Natural Gas (Dry) Production,0.8519488549825577,17.323069993372336,1.5105549513999974,21.685632544886914,1.4031274779855996,0.1125317575607734
7,"ETS(M,AD,A)",Test,Solar Energy Production,1.512798328258127,1349.1589759844253,93.71637999514353,173.2356277769526,1.5189333402534317,4.058279983123623e-4
7,"ETS(M,AD,A)",Test,Wind Energy Production,1.668666535676489,633.4087163711439,26.735936791575348,147.14479741465394,1.6746538516796663,0.008854194099499016
10,"ARIMA(2,0,1)(1,0,0)[12] WITH NON-ZERO MEAN",Test,Crude Oil Production,1.5921465469594704,59.856022418600986,3.9549023844915725,86.81861850405407,1.7731616633443728,0.15949953478741638
11,"NNAR(1,1,10)[12]",Test,Nuclear Electric Power Production,1.0691170996887944,133.45599177276057,6.823307781315745,77.94320349842415,1.7885407925447239,0.01609098854963999
7,"ETS(M,AD,A)",Test,Geothermal Energy Production,1.952508009691557,9972.431718697735,602.8200738684736,195.73987218596636,1.9545465203799732,0.17916696887383657
9,"SEASONAL DECOMP: ETS(A,N,N)",Test,Crude Oil Production,1.843206244896545,70.76924950649448,4.578536308088145,111.51213934675559,2.004893773107915,0.05603217292116988
7,"ETS(M,AD,A)",Test,Natural Gas (Dry) Production,1.6875370342902671,41.70197503461137,2.9921014717136036,54.898652494580325,2.045677180914673,0.009950821451085022
11,"NNAR(1,1,10)[12]",Test,Crude Oil Production,1.8568097103129901,70.83997800165518,4.612327404715268,114.62091868487099,2.0941023848749034,0.03597789626170523
11,"NNAR(1,1,10)[12]",Test,Solar Energy Production,1.254150816519371,1194.6547758872657,77.69341907422715,139.97597804092854,2.120376522101503,0.05407337366823254
8,"TBATS(0.062, {1,4}, 0.964, {<12,2>})",Test,Crude Oil Production,1.9689247147220397,75.69737959517865,4.890821805322677,122.60641493927858,2.1282275933272703,0.017479952624685897
9,"SEASONAL DECOMP: ETS(A,N,N)",Test,Natural Gas (Dry) Production,2.524792747965651,66.78091664388316,4.476604627605729,101.92694774276151,2.7663335676157446,0.05315595538787544
10,"ARIMA(2,0,1)(1,0,0)[12] WITH NON-ZERO MEAN",Test,Natural Gas (Dry) Production,2.6795953687329344,71.18595672944387,4.751078692477268,111.53307288162529,2.9105003615160814,0.05444937853586904
11,"NNAR(1,1,10)[12]",Test,Natural Gas (Dry) Production,2.8565982459811883,78.17546577068028,5.064915105397701,134.5517500733147,3.0607826654636403,0.156845665243067
8,"TBATS(0.062, {1,4}, 0.964, {<12,2>})",Test,Natural Gas (Dry) Production,3.088571583667758,83.1436859294518,5.476217347059151,142.72612072032365,3.2949029999177037,0.08305777052361402
